# model|lemma|kind|mirror   (mirror "-" = supporting lemma, no direct runtime mirror)
bm25.dfy|MulPos|support|-
bm25.dfy|MulNonNeg|support|-
bm25.dfy|MulPosNonNeg|support|-
bm25.dfy|MulNonNegNonNeg|support|-
bm25.dfy|DivNonNeg|support|-
bm25.dfy|DivPos|support|-
bm25.dfy|LogNonNeg|support|-
bm25.dfy|IdfNonNeg|test|tests/test_bm25_m.sh
bm25.dfy|LengthFactorPositive|support|-
bm25.dfy|DenomPositive|support|-
bm25.dfy|ValidParamsEstablished|support|-
bm25.dfy|TfNormNonNeg|test|tests/test_bm25_m.sh
bm25.dfy|TfNormMonotone|test|tests/test_bm25_m.sh
bm25.dfy|TermScoreNonNeg|test|tests/test_bm25_m.sh
bm25.dfy|MulMonotoneNonNeg|support|-
bm25.dfy|TermScoreMonotone|test|tests/test_bm25_m.sh
bm25.dfy|SumNonNeg|support|-
bm25.dfy|SumMonotone|support|-
bm25.dfy|NegReverses|support|-
bm25.dfy|TopKKeepsHighest|test|tests/test_bm25_m.sh
bytecode_bisim.dfy|ExecCodeConcat|support|-
bytecode_bisim.dfy|ExprBisim|conformance|tests/test_bytecode_conformance.sh
bytecode_bisim.dfy|StmtBisim|conformance|tests/test_bytecode_conformance.sh
bytecode_stack.dfy|NetConcat|support|-
bytecode_stack.dfy|NoUnderflowFromMonotone|support|-
bytecode_stack.dfy|ConcatNoUnderflow|support|-
bytecode_stack.dfy|SingleOpSafe|support|-
bytecode_stack.dfy|PushIsExpr|test|tests/test_vm_table.nim
bytecode_stack.dfy|BinopIsExpr|test|tests/test_vm_table.nim
bytecode_stack.dfy|SetVarIsStmt|test|tests/test_vm_table.nim
bytecode_stack.dfy|SubscriptReadIsExpr|test|tests/test_vm_table.nim
bytecode_stack.dfy|SeqIsStmt|test|tests/test_vm_table.nim
collation.dfy|SeqTrichotomy|support|-
collation.dfy|CmpInRange|test|tests/test_collation.nim
collation.dfy|CmpReflexive|test|tests/test_collation.nim
collation.dfy|CmpSkew|test|tests/test_collation.nim
collation.dfy|CmpTransitive|test|tests/test_collation.nim
data_tristate.dfy|DataExhaustive|test|tests/test_contracts.nim
data_tristate.dfy|WriteGivesValue|test|tests/test_contracts.nim
data_tristate.dfy|KillRemovesData|test|tests/test_contracts.nim
entry_term_expansion.dfy|SetOfContains|support|-
entry_term_expansion.dfy|FilterSeenGood|support|-
entry_term_expansion.dfy|ConcatNoDup|support|-
entry_term_expansion.dfy|MergeDisjoint|support|-
entry_term_expansion.dfy|MergeNoDup|test|tests/test_bm25_m.sh
entry_term_expansion.dfy|MergeDictFirst|test|tests/test_bm25_m.sh
entry_term_expansion.dfy|TruncateCapped|support|-
entry_term_expansion.dfy|MergeCapped|test|tests/test_bm25_m.sh
globals_order.dfy|TupCmpAntisymmetric|support|-
globals_order.dfy|TupCmpTransitive|support|-
globals_order.dfy|EmptyIsMin|support|-
globals_order.dfy|SuccessorIsAfter|support|-
globals_order.dfy|TupCmpReflexive|support|-
globals_order.dfy|SuccessorMinimal|test|tests/test_order_lmdb.sh
globals_order.dfy|SuccessorSkipPrefix|support|-
globals_order.dfy|SuccessorNext|test|tests/test_order_lmdb.sh
hybrid_merge.dfy|RRFPositive|test|tests/test_hybrid_rrf.nim
hybrid_merge.dfy|RecipDecreasing|support|-
hybrid_merge.dfy|RRFDecreasing|test|tests/test_hybrid_rrf.nim
hybrid_merge.dfy|CombinedNonNeg|test|tests/test_hybrid_rrf.nim
hybrid_merge.dfy|RerankMonotone|test|tests/test_hybrid_rrf.nim
key_encoding.dfy|LexLtAntisymmetric|support|-
key_encoding.dfy|LexLtTransitive|support|-
key_encoding.dfy|LexLtTotal|support|-
key_encoding.dfy|CmpAntisymmetric|support|-
key_encoding.dfy|CmpTransitive|support|-
key_encoding.dfy|CmpZeroMeansEqual|support|-
key_encoding.dfy|CmpStrictTrans|support|-
key_encoding.dfy|NumCodecRoundTrip|support|-
key_encoding.dfy|StrBodyNoZero|support|-
key_encoding.dfy|DecodeSubsRoundTrip|support|-
key_encoding.dfy|EncodeDecodeRoundTrip|test|tests/test_encoding_roundtrip.nim
numeric_encoding.dfy|FieldMonotonic|support|-
numeric_encoding.dfy|EncodeOrderPreserving|support|-
numeric_encoding.dfy|NumericRoundTrip|test|tests/test_encoding_roundtrip.nim
order_pairs.dfy|BackwardFromEmptyIsNothing|support|-
order_pairs.dfy|TupCmpHeadNeq|support|-
order_pairs.dfy|TupCmpCommonPrefix|support|-
order_pairs.dfy|CandidateOrderImpliesTupleOrder|test|tests/test_order_lmdb.sh
pattern.dfy|MatchAltConsumesAll|test|tests/test_pattern.nim
pattern.dfy|MatchFromAlt|test|tests/test_pattern.nim
scope_stack.dfy|PopPush|contract|globals.nim
scope_stack.dfy|PopUnderflow|contract|globals.nim
scope_stack.dfy|PushDepth|contract|globals.nim
scope_stack.dfy|PushKeepsSynced|contract|globals.nim
scope_stack.dfy|PopKeepsSynced|contract|globals.nim
scope_stack.dfy|NewedRestored|test|tests/test_contracts.nim
scope_stack.dfy|WrittenPropagated|test|tests/test_contracts.nim
scope_stack.dfy|UnwrittenUnchanged|test|tests/test_contracts.nim
scope_stack.dfy|NewedRestores|test|tests/test_contracts.nim
scope_stack.dfy|WritePropagates|test|tests/test_contracts.nim
scope_stack.dfy|TwoLevelPropagate|test|tests/test_contracts.nim
scope_stack.dfy|TwoLevelRestore|test|tests/test_contracts.nim
txn_overlay.dfy|KillRemovesDescendants|support|-
txn_overlay.dfy|WriteVisible|support|-
txn_overlay.dfy|KillThenWriteWins|support|-
txn_overlay.dfy|WriteThenKillRemoves|support|-
txn_overlay.dfy|FlattenMergeLevels|support|-
txn_overlay.dfy|TlevelTstart|support|-
txn_overlay.dfy|TlevelTcommit|support|-
txn_overlay.dfy|TlevelTrollback|support|-
txn_overlay.dfy|CommitPreservesEffective|test|tests/test_txn_lmdb.sh
txn_overlay.dfy|RollbackDiscardsTopLevel|test|tests/test_txn_lmdb.sh
txn_overlay.dfy|NestedKillThenWriteWins|test|tests/test_txn_lmdb.sh
value_format.dfy|DropLeadingZeroIdempotent|contract|value.nim
value_format.dfy|CanonicalizeHalf|fuzz|tests/test_property_fuzz.nim
value_format.dfy|CanonicalizeNegQuarter|fuzz|tests/test_property_fuzz.nim
value_format.dfy|KeepInteger|fuzz|tests/test_property_fuzz.nim
value_format.dfy|KeepWhole|fuzz|tests/test_property_fuzz.nim
vm_opcodes.dfy|NetConcat|support|-
vm_opcodes.dfy|NoUnderflowFromMonotone|support|-
vm_opcodes.dfy|ConcatNoUnderflow|support|-
vm_opcodes.dfy|SingleOpSafe|support|-
vm_opcodes.dfy|PushIsExpr|test|tests/test_vm_table.nim
vm_opcodes.dfy|BinopIsExpr|test|tests/test_vm_table.nim
vm_opcodes.dfy|SubscriptReadIsExpr|test|tests/test_vm_table.nim
vm_opcodes.dfy|SetVarIsStmt|test|tests/test_vm_table.nim
vm_opcodes.dfy|SubscriptWriteIsStmt|test|tests/test_vm_table.nim
vm_opcodes.dfy|WriteIsStmt|test|tests/test_vm_table.nim
vm_opcodes.dfy|SeqIsStmt|test|tests/test_vm_table.nim
vm_opcodes.dfy|NetZeroOpIsStmt|test|tests/test_vm_table.nim
numeric_prefix.dfy|DigitRunEndAtLeast|support|-
numeric_prefix.dfy|EmptyIsFalse|test|tests/test_truthy.nim
numeric_prefix.dfy|ZeroIsFalse|test|tests/test_truthy.nim
numeric_prefix.dfy|ZeroPointZeroIsFalse|test|tests/test_truthy.nim
numeric_prefix.dfy|AlphaIsFalse|test|tests/test_truthy.nim
numeric_prefix.dfy|OneIsTrue|test|tests/test_truthy.nim
numeric_prefix.dfy|LeadingZeroIsTrue|test|tests/test_truthy.nim
numeric_prefix.dfy|FractionIsTrue|test|tests/test_truthy.nim
numeric_prefix.dfy|PrefixIsTrue|test|tests/test_truthy.nim
numeric_prefix.dfy|LowerEIsTrue|test|tests/test_truthy.nim
numeric_prefix.dfy|LeadingNonZeroDigitIsTrue|support|-
numeric_prefix.dfy|NoDigitsIsFalse|support|-
value_format.dfy|StripZerosFix|support|-
value_format.dfy|StripHalfZero|fuzz|tests/test_property_fuzz.nim
value_format.dfy|StripPointZero|fuzz|tests/test_property_fuzz.nim
value_format.dfy|KeepTrailingIntegerZero|fuzz|tests/test_property_fuzz.nim
value_format.dfy|CanonicalizeHalfZero|fuzz|tests/test_property_fuzz.nim
value_format.dfy|CanonicalizeFive|fuzz|tests/test_property_fuzz.nim
string_functions.dfy|LengthHello|test|tests/test_string_functions.sh
string_functions.dfy|ExtractEll|test|tests/test_string_functions.sh
string_functions.dfy|ExtractFirst|test|tests/test_string_functions.sh
string_functions.dfy|ExtractEmptyRange|test|tests/test_string_functions.sh
string_functions.dfy|ExtractClampFirst|test|tests/test_string_functions.sh
string_functions.dfy|ExtractClampLast|test|tests/test_string_functions.sh
string_functions.dfy|ExtractPastEnd|test|tests/test_string_functions.sh
string_functions.dfy|FindEll|test|tests/test_string_functions.sh
string_functions.dfy|FindAbsent|test|tests/test_string_functions.sh
string_functions.dfy|FindB|test|tests/test_string_functions.sh
string_functions.dfy|TranslateSimple|test|tests/test_string_functions.sh
string_functions.dfy|TranslatePair|test|tests/test_string_functions.sh
string_functions.dfy|TranslateRepeated|test|tests/test_string_functions.sh
string_functions.dfy|FindAtRange|support|-
string_functions.dfy|FindAtExhausts|support|-
string_functions.dfy|FindZeroMeansAbsent|support|-
control_flow_bisim.dfy|RunStep|support|-
control_flow_bisim.dfy|RunStmts|support|-
control_flow_bisim.dfy|IfBisim|conformance|tests/test_bytecode_conformance.sh
functions_more.dfy|GetValue|test|tests/test_string_functions.sh
functions_more.dfy|GetDefault|test|tests/test_string_functions.sh
functions_more.dfy|CaseFirst|test|tests/test_string_functions.sh
functions_more.dfy|CaseSecond|test|tests/test_string_functions.sh
functions_more.dfy|CaseDefault|test|tests/test_string_functions.sh
functions_more.dfy|SelectFirstTruthy|test|tests/test_string_functions.sh
functions_more.dfy|SelectNoTruthy|test|tests/test_string_functions.sh
functions_more.dfy|CountCommasZero|test|tests/test_string_functions.sh
functions_more.dfy|CountCommasTwo|test|tests/test_string_functions.sh
functions_more.dfy|ReverseAbc|test|tests/test_string_functions.sh
functions_more.dfy|ReverseEmpty|test|tests/test_string_functions.sh
functions_more.dfy|CaseFirstMatch|support|-
functions_more.dfy|CaseReturnsAResult|support|-
functions_more.dfy|ReverseConcat|support|-
functions_more.dfy|ReverseInvolution|support|-
subscript_bisim.dfy|EvalSubsLength|support|-
subscript_bisim.dfy|ExecCodeConcat|support|-
subscript_bisim.dfy|SubsBisim|support|-
subscript_bisim.dfy|ExprBisim|conformance|tests/test_bytecode_conformance.sh
subscript_bisim.dfy|StmtBisim|conformance|tests/test_bytecode_conformance.sh
string_functions.dfy|FirstMatchCaretAbc|support|-
string_functions.dfy|FirstMatchCaretBc|support|-
string_functions.dfy|FirstMatchCaretC|support|-
string_functions.dfy|FirstMatchCaretPlain|support|-
string_functions.dfy|PieceFirst|test|tests/test_string_functions.sh
string_functions.dfy|PieceSecond|test|tests/test_string_functions.sh
string_functions.dfy|PieceThird|test|tests/test_string_functions.sh
string_functions.dfy|PieceBeyond|test|tests/test_string_functions.sh
string_functions.dfy|PieceNoDelim|test|tests/test_string_functions.sh
special_vars.dfy|PopPush|test|tests/test_special_vars.sh
special_vars.dfy|PopUnderflow|test|tests/test_special_vars.sh
special_vars.dfy|PushIncreases|test|tests/test_special_vars.sh
special_vars.dfy|ResetZero|test|tests/test_special_vars.sh
special_vars.dfy|TruthFlagIsBit|support|-
special_vars.dfy|TruthFlagZero|support|-
special_vars.dfy|TruthFlagOne|support|-
lock_semantics.dfy|AcquireIdempotent|test|tests/test_locks.nim
lock_semantics.dfy|ReleaseRemoves|test|tests/test_locks.nim
lock_semantics.dfy|ReleaseAllEmpty|test|tests/test_locks.nim
lock_semantics.dfy|AcquireReleaseNoop|test|tests/test_locks.nim
lock_semantics.dfy|ReleaseAbsentNoop|test|tests/test_locks.nim
data_structures.dfy|TopAfterPush|test|tests/test_data_structures_invariants.nim
data_structures.dfy|PopPush|test|tests/test_data_structures_invariants.nim
data_structures.dfy|FrontAfterEnqueue|test|tests/test_data_structures_invariants.nim
data_structures.dfy|DequeueFront|test|tests/test_data_structures_invariants.nim
data_structures.dfy|AncestorLe|support|-
data_structures.dfy|PeekIsMin|test|tests/test_data_structures_invariants.nim
command_bisim.dfy|RunStep|support|-
command_bisim.dfy|KillReset|test|tests/test_bytecode_conformance.sh
command_bisim.dfy|KillOnlyOther|test|tests/test_bytecode_conformance.sh
command_bisim.dfy|MergeCopy|test|tests/test_bytecode_conformance.sh
command_bisim.dfy|MergeOther|test|tests/test_bytecode_conformance.sh
command_bisim.dfy|CommandBisim|conformance|tests/test_bytecode_conformance.sh
for_loop_bisim.dfy|RunStep|support|-
for_loop_bisim.dfy|RunBody|support|-
for_loop_bisim.dfy|LoopFrom|support|-
for_loop_bisim.dfy|ForBisim|conformance|tests/test_bytecode_conformance.sh
